strategy,pattern,pattern_length,support_percent_m,support_percent_b,support_count_m,support_count_b,GR_Malignant,GR_Benign,Contrast_Rate
uniform,"[('high_concave points_worst',), ('medium_concave points_mean',)]",2,0.10849056603773585,0.0,23.0,0.0,inf,0.0,inf
uniform,"[('high_concave points_worst',), ('medium_concavity_mean',)]",2,0.09905660377358491,0.0,21.0,0.0,inf,0.0,inf
uniform,"[('low_compactness_mean',), ('low_compactness_se',)]",2,0.0,0.09803921568627451,0.0,35.0,0.0,inf,inf
uniform,"[('low_compactness_mean',), ('low_compactness_worst',)]",2,0.0,0.13445378151260504,0.0,48.0,0.0,inf,inf
uniform,"[('low_compactness_mean',), ('low_concavity_mean',)]",2,0.0,0.10644257703081232,0.0,38.0,0.0,inf,inf
uniform,"[('low_compactness_mean',), ('low_concavity_worst',)]",2,0.0,0.10084033613445378,0.0,36.0,0.0,inf,inf
uniform,"[('low_compactness_worst',), ('low_compactness_se',)]",2,0.0,0.1092436974789916,0.0,39.0,0.0,inf,inf
uniform,"[('low_concave points_se',), ('low_compactness_mean',)]",2,0.0,0.10364145658263306,0.0,37.0,0.0,inf,inf
uniform,"[('low_concave points_se',), ('low_concave points_mean',)]",2,0.0,0.13725490196078433,0.0,49.0,0.0,inf,inf
uniform,"[('low_concave points_se',), ('low_concave points_worst',)]",2,0.0,0.11764705882352941,0.0,42.0,0.0,inf,inf
uniform,"[('low_concave points_se',), ('low_concavity_mean',)]",2,0.0,0.10364145658263306,0.0,37.0,0.0,inf,inf
uniform,"[('low_concave points_worst',), ('low_compactness_mean',)]",2,0.0,0.1092436974789916,0.0,39.0,0.0,inf,inf
uniform,"[('low_concave points_worst',), ('low_compactness_worst',)]",2,0.0,0.1092436974789916,0.0,39.0,0.0,inf,inf
uniform,"[('low_concave points_worst',), ('low_concave points_mean',)]",2,0.0,0.15406162464985995,0.0,55.0,0.0,inf,inf
uniform,"[('low_concave points_worst',), ('low_concavity_worst',)]",2,0.0,0.14285714285714285,0.0,51.0,0.0,inf,inf
uniform,"[('low_concave points_worst',), ('low_perimeter_worst',)]",2,0.0,0.1092436974789916,0.0,39.0,0.0,inf,inf
uniform,"[('low_concavity_worst',), ('low_compactness_worst',)]",2,0.0,0.11764705882352941,0.0,42.0,0.0,inf,inf
uniform,"[('low_concavity_worst',), ('low_concave points_mean',)]",2,0.0,0.09803921568627451,0.0,35.0,0.0,inf,inf
uniform,"[('low_concavity_worst',), ('low_concavity_mean',)]",2,0.0,0.15966386554621848,0.0,57.0,0.0,inf,inf
uniform,"[('low_perimeter_mean',), ('low_area_mean',)]",2,0.0,0.19047619047619047,0.0,68.0,0.0,inf,inf
uniform,"[('low_perimeter_mean',), ('low_perimeter_worst',)]",2,0.0,0.1876750700280112,0.0,67.0,0.0,inf,inf
uniform,"[('low_perimeter_mean',), ('low_radius_mean',)]",2,0.0,0.10644257703081232,0.0,38.0,0.0,inf,inf
uniform,"[('low_perimeter_mean',), ('low_radius_worst',), ('low_area_mean',)]",3,0.0,0.09803921568627451,0.0,35.0,0.0,inf,inf
uniform,"[('low_perimeter_mean',), ('low_radius_worst',)]",2,0.0,0.17366946778711484,0.0,62.0,0.0,inf,inf
uniform,"[('low_perimeter_worst',), ('low_area_mean',)]",2,0.0,0.13725490196078433,0.0,49.0,0.0,inf,inf
uniform,"[('low_perimeter_worst',), ('low_radius_worst',)]",2,0.0,0.12605042016806722,0.0,45.0,0.0,inf,inf
uniform,"[('low_radius_mean',), ('low_area_mean',)]",2,0.0,0.19887955182072828,0.0,71.0,0.0,inf,inf
uniform,"[('low_radius_mean',), ('low_perimeter_mean',), ('low_area_mean',)]",3,0.0,0.13725490196078433,0.0,49.0,0.0,inf,inf
uniform,"[('low_radius_mean',), ('low_perimeter_mean',), ('low_perimeter_worst',)]",3,0.0,0.12605042016806722,0.0,45.0,0.0,inf,inf
uniform,"[('low_radius_mean',), ('low_perimeter_mean',), ('low_radius_worst',)]",3,0.0,0.12885154061624648,0.0,46.0,0.0,inf,inf
uniform,"[('low_radius_mean',), ('low_perimeter_mean',)]",2,0.0,0.20168067226890757,0.0,72.0,0.0,inf,inf
uniform,"[('low_radius_mean',), ('low_perimeter_worst',), ('low_area_mean',)]",3,0.0,0.10084033613445378,0.0,36.0,0.0,inf,inf
uniform,"[('low_radius_mean',), ('low_perimeter_worst',)]",2,0.0,0.19047619047619047,0.0,68.0,0.0,inf,inf
uniform,"[('low_radius_mean',), ('low_radius_worst',), ('low_area_mean',)]",3,0.0,0.10084033613445378,0.0,36.0,0.0,inf,inf
uniform,"[('low_radius_mean',), ('low_radius_worst',)]",2,0.0,0.17647058823529413,0.0,63.0,0.0,inf,inf
uniform,"[('low_radius_se',), ('low_area_se',)]",2,0.10377358490566038,0.0,22.0,0.0,inf,0.0,inf
uniform,"[('low_radius_worst',), ('low_area_mean',)]",2,0.0,0.1400560224089636,0.0,50.0,0.0,inf,inf
uniform,"[('low_radius_worst',), ('low_area_worst',)]",2,0.0,0.10084033613445378,0.0,36.0,0.0,inf,inf
uniform,"[('low_radius_worst',), ('low_perimeter_worst',)]",2,0.0,0.12885154061624648,0.0,46.0,0.0,inf,inf
uniform,"[('low_smoothness_mean',), ('low_compactness_mean',)]",2,0.0,0.12885154061624648,0.0,46.0,0.0,inf,inf
uniform,"[('low_smoothness_mean',), ('low_compactness_worst',)]",2,0.0,0.09803921568627451,0.0,35.0,0.0,inf,inf
uniform,"[('low_smoothness_mean',), ('low_concave points_mean',)]",2,0.0,0.1092436974789916,0.0,39.0,0.0,inf,inf
uniform,"[('low_smoothness_mean',), ('low_concave points_worst',)]",2,0.0,0.10644257703081232,0.0,38.0,0.0,inf,inf
uniform,"[('low_smoothness_mean',), ('low_fractal_dimension_mean',)]",2,0.0,0.09803921568627451,0.0,35.0,0.0,inf,inf
uniform,"[('low_smoothness_mean',), ('low_smoothness_worst',)]",2,0.0,0.10084033613445378,0.0,36.0,0.0,inf,inf
uniform,"[('low_smoothness_worst',), ('low_compactness_mean',)]",2,0.0,0.12885154061624648,0.0,46.0,0.0,inf,inf
uniform,"[('low_smoothness_worst',), ('low_compactness_worst',)]",2,0.0,0.11484593837535013,0.0,41.0,0.0,inf,inf
uniform,"[('low_smoothness_worst',), ('low_concave points_worst',)]",2,0.0,0.10644257703081232,0.0,38.0,0.0,inf,inf
uniform,"[('low_smoothness_worst',), ('low_fractal_dimension_worst',)]",2,0.0,0.10644257703081232,0.0,38.0,0.0,inf,inf
uniform,"[('low_smoothness_worst',), ('low_smoothness_mean',)]",2,0.0,0.12885154061624648,0.0,46.0,0.0,inf,inf
uniform,"[('low_symmetry_mean',), ('low_symmetry_worst',)]",2,0.0,0.12605042016806722,0.0,45.0,0.0,inf,inf
uniform,"[('low_texture_mean',), ('low_texture_se',)]",2,0.0,0.11484593837535013,0.0,41.0,0.0,inf,inf
uniform,"[('low_texture_mean',), ('low_texture_worst',)]",2,0.0,0.10364145658263306,0.0,37.0,0.0,inf,inf
uniform,"[('low_texture_se',), ('low_radius_se',)]",2,0.0,0.11484593837535013,0.0,41.0,0.0,inf,inf
uniform,"[('low_texture_worst',), ('low_compactness_worst',)]",2,0.0,0.09803921568627451,0.0,35.0,0.0,inf,inf
uniform,"[('low_texture_worst',), ('low_concavity_worst',)]",2,0.0,0.10084033613445378,0.0,36.0,0.0,inf,inf
uniform,"[('low_texture_worst',), ('low_texture_mean',)]",2,0.0,0.16526610644257703,0.0,59.0,0.0,inf,inf
uniform,"[('low_texture_worst',), ('low_texture_se',)]",2,0.0,0.13165266106442577,0.0,47.0,0.0,inf,inf
uniform,"[('medium_area_mean',), ('medium_area_worst',)]",2,0.10377358490566038,0.0,22.0,0.0,inf,0.0,inf
uniform,"[('medium_area_mean',), ('medium_perimeter_mean',)]",2,0.15566037735849056,0.0,33.0,0.0,inf,0.0,inf
uniform,"[('medium_area_mean',), ('medium_perimeter_worst',)]",2,0.16981132075471697,0.0,36.0,0.0,inf,0.0,inf
uniform,"[('medium_area_mean',), ('medium_radius_worst',)]",2,0.14150943396226415,0.0,30.0,0.0,inf,0.0,inf
uniform,"[('medium_area_worst',), ('medium_area_mean',)]",2,0.10377358490566038,0.0,22.0,0.0,inf,0.0,inf
uniform,"[('medium_area_worst',), ('medium_perimeter_mean',)]",2,0.12264150943396226,0.0,26.0,0.0,inf,0.0,inf
uniform,"[('medium_area_worst',), ('medium_perimeter_worst',)]",2,0.14150943396226415,0.0,30.0,0.0,inf,0.0,inf
uniform,"[('medium_area_worst',), ('medium_radius_mean',)]",2,0.09905660377358491,0.0,21.0,0.0,inf,0.0,inf
uniform,"[('medium_perimeter_mean',), ('medium_area_mean',)]",2,0.14150943396226415,0.0,30.0,0.0,inf,0.0,inf
uniform,"[('medium_perimeter_mean',), ('medium_concave points_mean',)]",2,0.10377358490566038,0.0,22.0,0.0,inf,0.0,inf
uniform,"[('medium_perimeter_mean',), ('medium_perimeter_worst',)]",2,0.18396226415094338,0.0,39.0,0.0,inf,0.0,inf
uniform,"[('medium_perimeter_mean',), ('medium_radius_worst',)]",2,0.1320754716981132,0.0,28.0,0.0,inf,0.0,inf
uniform,"[('medium_perimeter_worst',), ('medium_perimeter_mean',)]",2,0.1179245283018868,0.0,25.0,0.0,inf,0.0,inf
uniform,"[('medium_perimeter_worst',), ('medium_radius_worst',)]",2,0.10377358490566038,0.0,22.0,0.0,inf,0.0,inf
uniform,"[('medium_radius_mean',), ('medium_area_mean',)]",2,0.21226415094339623,0.0,45.0,0.0,inf,0.0,inf
uniform,"[('medium_radius_mean',), ('medium_perimeter_mean',), ('medium_area_mean',)]",3,0.10377358490566038,0.0,22.0,0.0,inf,0.0,inf
uniform,"[('medium_radius_mean',), ('medium_perimeter_mean',), ('medium_perimeter_worst',)]",3,0.14622641509433962,0.0,31.0,0.0,inf,0.0,inf
uniform,"[('medium_radius_mean',), ('medium_perimeter_mean',), ('medium_radius_worst',)]",3,0.10849056603773585,0.0,23.0,0.0,inf,0.0,inf
uniform,"[('medium_radius_mean',), ('medium_perimeter_mean',)]",2,0.2641509433962264,0.0,56.0,0.0,inf,0.0,inf
uniform,"[('medium_radius_mean',), ('medium_perimeter_worst',)]",2,0.1792452830188679,0.0,38.0,0.0,inf,0.0,inf
uniform,"[('medium_radius_mean',), ('medium_radius_worst',), ('medium_perimeter_worst',)]",3,0.10849056603773585,0.0,23.0,0.0,inf,0.0,inf
uniform,"[('medium_radius_mean',), ('medium_radius_worst',)]",2,0.1650943396226415,0.0,35.0,0.0,inf,0.0,inf
uniform,"[('medium_radius_worst',), ('medium_area_mean',)]",2,0.10849056603773585,0.0,23.0,0.0,inf,0.0,inf
uniform,"[('medium_radius_worst',), ('medium_area_worst',)]",2,0.14150943396226415,0.0,30.0,0.0,inf,0.0,inf
uniform,"[('medium_radius_worst',), ('medium_perimeter_mean',)]",2,0.17452830188679244,0.0,37.0,0.0,inf,0.0,inf
uniform,"[('medium_radius_worst',), ('medium_perimeter_worst',)]",2,0.2358490566037736,0.0,50.0,0.0,inf,0.0,inf
uniform,"[('medium_radius_worst',), ('medium_radius_mean',)]",2,0.1179245283018868,0.0,25.0,0.0,inf,0.0,inf
quantile,"[('high_area_mean',), ('high_area_worst',)]",2,0.1509433962264151,0.0,32.0,0.0,inf,0.0,inf
quantile,"[('high_area_mean',), ('high_concave points_mean',)]",2,0.12735849056603774,0.0,27.0,0.0,inf,0.0,inf
quantile,"[('high_area_mean',), ('high_perimeter_mean',), ('high_perimeter_worst',)]",3,0.11320754716981132,0.0,24.0,0.0,inf,0.0,inf
quantile,"[('high_area_mean',), ('high_perimeter_mean',), ('high_radius_worst',)]",3,0.09905660377358491,0.0,21.0,0.0,inf,0.0,inf
quantile,"[('high_area_mean',), ('high_perimeter_mean',)]",2,0.23113207547169812,0.0,49.0,0.0,inf,0.0,inf
quantile,"[('high_area_mean',), ('high_perimeter_worst',)]",2,0.20754716981132076,0.0,44.0,0.0,inf,0.0,inf
quantile,"[('high_area_mean',), ('high_radius_mean',), ('high_perimeter_mean',)]",3,0.10849056603773585,0.0,23.0,0.0,inf,0.0,inf
quantile,"[('high_area_mean',), ('high_radius_mean',)]",2,0.17452830188679244,0.0,37.0,0.0,inf,0.0,inf
quantile,"[('high_area_mean',), ('high_radius_worst',), ('high_perimeter_worst',)]",3,0.09905660377358491,0.0,21.0,0.0,inf,0.0,inf
quantile,"[('high_area_mean',), ('high_radius_worst',)]",2,0.1792452830188679,0.0,38.0,0.0,inf,0.0,inf
quantile,"[('high_area_se',), ('high_perimeter_mean',)]",2,0.09905660377358491,0.0,21.0,0.0,inf,0.0,inf
quantile,"[('high_area_worst',), ('high_area_mean',)]",2,0.14622641509433962,0.0,31.0,0.0,inf,0.0,inf
quantile,"[('high_area_worst',), ('high_area_se',)]",2,0.10377358490566038,0.0,22.0,0.0,inf,0.0,inf
quantile,"[('high_area_worst',), ('high_concave points_worst',)]",2,0.1179245283018868,0.0,25.0,0.0,inf,0.0,inf
quantile,"[('high_area_worst',), ('high_perimeter_mean',)]",2,0.19339622641509435,0.0,41.0,0.0,inf,0.0,inf
quantile,"[('high_area_worst',), ('high_perimeter_worst',)]",2,0.21226415094339623,0.0,45.0,0.0,inf,0.0,inf
quantile,"[('high_area_worst',), ('high_radius_mean',), ('high_perimeter_mean',)]",3,0.1179245283018868,0.0,25.0,0.0,inf,0.0,inf
quantile,"[('high_area_worst',), ('high_radius_mean',)]",2,0.17452830188679244,0.0,37.0,0.0,inf,0.0,inf
quantile,"[('high_area_worst',), ('high_radius_worst',)]",2,0.14150943396226415,0.0,30.0,0.0,inf,0.0,inf
quantile,"[('high_compactness_mean',), ('high_concave points_worst',)]",2,0.12264150943396226,0.0,26.0,0.0,inf,0.0,inf
quantile,"[('high_compactness_worst',), ('high_compactness_mean',)]",2,0.14150943396226415,0.0,30.0,0.0,inf,0.0,inf
quantile,"[('high_compactness_worst',), ('high_concave points_mean',)]",2,0.09905660377358491,0.0,21.0,0.0,inf,0.0,inf
quantile,"[('high_compactness_worst',), ('high_concave points_worst',)]",2,0.14150943396226415,0.0,30.0,0.0,inf,0.0,inf
quantile,"[('high_compactness_worst',), ('high_concavity_worst',)]",2,0.13679245283018868,0.0,29.0,0.0,inf,0.0,inf
quantile,"[('high_concave points_mean',), ('high_concave points_worst',)]",2,0.12735849056603774,0.0,27.0,0.0,inf,0.0,inf
quantile,"[('high_concave points_mean',), ('high_concavity_mean',)]",2,0.1320754716981132,0.0,28.0,0.0,inf,0.0,inf
quantile,"[('high_concave points_mean',), ('high_perimeter_mean',)]",2,0.13679245283018868,0.0,29.0,0.0,inf,0.0,inf
quantile,"[('high_concave points_mean',), ('high_perimeter_worst',)]",2,0.12735849056603774,0.0,27.0,0.0,inf,0.0,inf
quantile,"[('high_concave points_mean',), ('high_radius_mean',)]",2,0.09905660377358491,0.0,21.0,0.0,inf,0.0,inf
quantile,"[('high_concave points_mean',), ('high_radius_worst',)]",2,0.12735849056603774,0.0,27.0,0.0,inf,0.0,inf
quantile,"[('high_concave points_worst',), ('high_concave points_mean',)]",2,0.13679245283018868,0.0,29.0,0.0,inf,0.0,inf
quantile,"[('high_concave points_worst',), ('high_concavity_mean',)]",2,0.10377358490566038,0.0,22.0,0.0,inf,0.0,inf
quantile,"[('high_concave points_worst',), ('high_perimeter_mean',)]",2,0.10849056603773585,0.0,23.0,0.0,inf,0.0,inf
quantile,"[('high_concave points_worst',), ('high_radius_worst',)]",2,0.09905660377358491,0.0,21.0,0.0,inf,0.0,inf
quantile,"[('high_concavity_mean',), ('high_compactness_mean',)]",2,0.10377358490566038,0.0,22.0,0.0,inf,0.0,inf
quantile,"[('high_concavity_mean',), ('high_concave points_mean',)]",2,0.13679245283018868,0.0,29.0,0.0,inf,0.0,inf
quantile,"[('high_concavity_mean',), ('high_concave points_worst',)]",2,0.10377358490566038,0.0,22.0,0.0,inf,0.0,inf
quantile,"[('high_concavity_worst',), ('high_compactness_mean',)]",2,0.12735849056603774,0.0,27.0,0.0,inf,0.0,inf
quantile,"[('high_concavity_worst',), ('high_concave points_worst',)]",2,0.14622641509433962,0.0,31.0,0.0,inf,0.0,inf
quantile,"[('high_concavity_worst',), ('high_concavity_mean',)]",2,0.10377358490566038,0.0,22.0,0.0,inf,0.0,inf
quantile,"[('high_fractal_dimension_worst',), ('high_compactness_mean',)]",2,0.10377358490566038,0.0,22.0,0.0,inf,0.0,inf
quantile,"[('high_fractal_dimension_worst',), ('high_compactness_worst',)]",2,0.13679245283018868,0.0,29.0,0.0,inf,0.0,inf
quantile,"[('high_fractal_dimension_worst',), ('high_concave points_worst',)]",2,0.1179245283018868,0.0,25.0,0.0,inf,0.0,inf
quantile,"[('high_fractal_dimension_worst',), ('high_concavity_worst',)]",2,0.1179245283018868,0.0,25.0,0.0,inf,0.0,inf
quantile,"[('high_fractal_dimension_worst',), ('high_fractal_dimension_mean',)]",2,0.10849056603773585,0.0,23.0,0.0,inf,0.0,inf
quantile,"[('high_fractal_dimension_worst',), ('high_smoothness_worst',)]",2,0.10377358490566038,0.0,22.0,0.0,inf,0.0,inf
quantile,"[('high_perimeter_mean',), ('high_area_mean',)]",2,0.16981132075471697,0.0,36.0,0.0,inf,0.0,inf
quantile,"[('high_perimeter_mean',), ('high_area_worst',)]",2,0.12735849056603774,0.0,27.0,0.0,inf,0.0,inf
quantile,"[('high_perimeter_mean',), ('high_concave points_mean',)]",2,0.1320754716981132,0.0,28.0,0.0,inf,0.0,inf
quantile,"[('high_perimeter_mean',), ('high_concave points_worst',)]",2,0.09905660377358491,0.0,21.0,0.0,inf,0.0,inf
quantile,"[('high_perimeter_mean',), ('high_perimeter_worst',)]",2,0.2169811320754717,0.0,46.0,0.0,inf,0.0,inf
quantile,"[('high_perimeter_mean',), ('high_radius_mean',)]",2,0.12264150943396226,0.0,26.0,0.0,inf,0.0,inf
quantile,"[('high_perimeter_mean',), ('high_radius_worst',)]",2,0.16037735849056603,0.0,34.0,0.0,inf,0.0,inf
quantile,"[('high_perimeter_se',), ('high_area_se',)]",2,0.10377358490566038,0.0,22.0,0.0,inf,0.0,inf
quantile,"[('high_perimeter_worst',), ('high_area_mean',)]",2,0.12735849056603774,0.0,27.0,0.0,inf,0.0,inf
quantile,"[('high_perimeter_worst',), ('high_area_se',)]",2,0.10377358490566038,0.0,22.0,0.0,inf,0.0,inf
quantile,"[('high_perimeter_worst',), ('high_area_worst',)]",2,0.12735849056603774,0.0,27.0,0.0,inf,0.0,inf
quantile,"[('high_perimeter_worst',), ('high_concave points_mean',)]",2,0.09905660377358491,0.0,21.0,0.0,inf,0.0,inf
quantile,"[('high_perimeter_worst',), ('high_concave points_worst',)]",2,0.13679245283018868,0.0,29.0,0.0,inf,0.0,inf
quantile,"[('high_perimeter_worst',), ('high_perimeter_mean',)]",2,0.16981132075471697,0.0,36.0,0.0,inf,0.0,inf
quantile,"[('high_perimeter_worst',), ('high_radius_mean',)]",2,0.14622641509433962,0.0,31.0,0.0,inf,0.0,inf
quantile,"[('high_perimeter_worst',), ('high_radius_worst',)]",2,0.14150943396226415,0.0,30.0,0.0,inf,0.0,inf
quantile,"[('high_radius_mean',), ('high_area_mean',), ('high_perimeter_worst',)]",3,0.10377358490566038,0.0,22.0,0.0,inf,0.0,inf
quantile,"[('high_radius_mean',), ('high_area_mean',)]",2,0.23113207547169812,0.0,49.0,0.0,inf,0.0,inf
quantile,"[('high_radius_mean',), ('high_area_worst',)]",2,0.14150943396226415,0.0,30.0,0.0,inf,0.0,inf
quantile,"[('high_radius_mean',), ('high_concave points_mean',)]",2,0.12735849056603774,0.0,27.0,0.0,inf,0.0,inf
quantile,"[('high_radius_mean',), ('high_concave points_worst',)]",2,0.10377358490566038,0.0,22.0,0.0,inf,0.0,inf
quantile,"[('high_radius_mean',), ('high_perimeter_mean',), ('high_area_mean',)]",3,0.12264150943396226,0.0,26.0,0.0,inf,0.0,inf
quantile,"[('high_radius_mean',), ('high_perimeter_mean',), ('high_area_worst',)]",3,0.09905660377358491,0.0,21.0,0.0,inf,0.0,inf
quantile,"[('high_radius_mean',), ('high_perimeter_mean',), ('high_concave points_mean',)]",3,0.09905660377358491,0.0,21.0,0.0,inf,0.0,inf
quantile,"[('high_radius_mean',), ('high_perimeter_mean',), ('high_perimeter_worst',)]",3,0.1650943396226415,0.0,35.0,0.0,inf,0.0,inf
quantile,"[('high_radius_mean',), ('high_perimeter_mean',), ('high_radius_worst',)]",3,0.12264150943396226,0.0,26.0,0.0,inf,0.0,inf
quantile,"[('high_radius_mean',), ('high_perimeter_mean',)]",2,0.3113207547169811,0.0,66.0,0.0,inf,0.0,inf
quantile,"[('high_radius_mean',), ('high_perimeter_worst',)]",2,0.21226415094339623,0.0,45.0,0.0,inf,0.0,inf
quantile,"[('high_radius_mean',), ('high_radius_worst',), ('high_perimeter_worst',)]",3,0.12264150943396226,0.0,26.0,0.0,inf,0.0,inf
quantile,"[('high_radius_mean',), ('high_radius_worst',)]",2,0.19811320754716982,0.0,42.0,0.0,inf,0.0,inf
quantile,"[('high_radius_se',), ('high_area_mean',)]",2,0.10377358490566038,0.0,22.0,0.0,inf,0.0,inf
quantile,"[('high_radius_se',), ('high_area_se',)]",2,0.16037735849056603,0.0,34.0,0.0,inf,0.0,inf
quantile,"[('high_radius_se',), ('high_perimeter_mean',)]",2,0.09905660377358491,0.0,21.0,0.0,inf,0.0,inf
quantile,"[('high_radius_se',), ('high_perimeter_se',)]",2,0.12735849056603774,0.0,27.0,0.0,inf,0.0,inf
quantile,"[('high_radius_se',), ('high_radius_mean',)]",2,0.09905660377358491,0.0,21.0,0.0,inf,0.0,inf
quantile,"[('high_radius_worst',), ('high_area_mean',)]",2,0.16981132075471697,0.0,36.0,0.0,inf,0.0,inf
quantile,"[('high_radius_worst',), ('high_area_se',)]",2,0.09905660377358491,0.0,21.0,0.0,inf,0.0,inf
quantile,"[('high_radius_worst',), ('high_area_worst',)]",2,0.20754716981132076,0.0,44.0,0.0,inf,0.0,inf
quantile,"[('high_radius_worst',), ('high_concave points_worst',)]",2,0.12264150943396226,0.0,26.0,0.0,inf,0.0,inf
quantile,"[('high_radius_worst',), ('high_perimeter_mean',)]",2,0.2358490566037736,0.0,50.0,0.0,inf,0.0,inf
quantile,"[('high_radius_worst',), ('high_perimeter_worst',)]",2,0.2830188679245283,0.0,60.0,0.0,inf,0.0,inf
quantile,"[('high_radius_worst',), ('high_radius_mean',), ('high_perimeter_mean',)]",3,0.11320754716981132,0.0,24.0,0.0,inf,0.0,inf
quantile,"[('high_radius_worst',), ('high_radius_mean',)]",2,0.1792452830188679,0.0,38.0,0.0,inf,0.0,inf
quantile,"[('high_smoothness_worst',), ('high_compactness_worst',)]",2,0.10849056603773585,0.0,23.0,0.0,inf,0.0,inf
quantile,"[('high_smoothness_worst',), ('high_concave points_worst',)]",2,0.12735849056603774,0.0,27.0,0.0,inf,0.0,inf
quantile,"[('high_smoothness_worst',), ('high_smoothness_mean',)]",2,0.11320754716981132,0.0,24.0,0.0,inf,0.0,inf
quantile,"[('high_symmetry_worst',), ('high_compactness_worst',)]",2,0.11320754716981132,0.0,24.0,0.0,inf,0.0,inf
quantile,"[('high_symmetry_worst',), ('high_symmetry_mean',)]",2,0.11320754716981132,0.0,24.0,0.0,inf,0.0,inf
quantile,"[('high_texture_worst',), ('high_texture_mean',)]",2,0.11320754716981132,0.0,24.0,0.0,inf,0.0,inf
quantile,"[('low_compactness_mean',), ('low_compactness_se',)]",2,0.0,0.09803921568627451,0.0,35.0,0.0,inf,inf
quantile,"[('low_compactness_mean',), ('low_compactness_worst',)]",2,0.0,0.13445378151260504,0.0,48.0,0.0,inf,inf
quantile,"[('low_compactness_mean',), ('low_concavity_mean',)]",2,0.0,0.09803921568627451,0.0,35.0,0.0,inf,inf
quantile,"[('low_compactness_mean',), ('low_concavity_worst',)]",2,0.0,0.10084033613445378,0.0,36.0,0.0,inf,inf
quantile,"[('low_compactness_worst',), ('low_compactness_se',)]",2,0.0,0.10084033613445378,0.0,36.0,0.0,inf,inf
quantile,"[('low_concave points_se',), ('low_compactness_mean',)]",2,0.0,0.10364145658263306,0.0,37.0,0.0,inf,inf
quantile,"[('low_concave points_se',), ('low_concave points_mean',)]",2,0.0,0.13725490196078433,0.0,49.0,0.0,inf,inf
quantile,"[('low_concave points_se',), ('low_concave points_worst',)]",2,0.0,0.1092436974789916,0.0,39.0,0.0,inf,inf
quantile,"[('low_concave points_worst',), ('low_compactness_mean',)]",2,0.0,0.1092436974789916,0.0,39.0,0.0,inf,inf
quantile,"[('low_concave points_worst',), ('low_compactness_worst',)]",2,0.0,0.10644257703081232,0.0,38.0,0.0,inf,inf
quantile,"[('low_concave points_worst',), ('low_concave points_mean',)]",2,0.0,0.1484593837535014,0.0,53.0,0.0,inf,inf
quantile,"[('low_concave points_worst',), ('low_concavity_worst',)]",2,0.0,0.1400560224089636,0.0,50.0,0.0,inf,inf
quantile,"[('low_concave points_worst',), ('low_perimeter_worst',)]",2,0.0,0.10084033613445378,0.0,36.0,0.0,inf,inf
quantile,"[('low_concavity_worst',), ('low_compactness_worst',)]",2,0.0,0.11484593837535013,0.0,41.0,0.0,inf,inf
quantile,"[('low_concavity_worst',), ('low_concavity_mean',)]",2,0.0,0.14565826330532214,0.0,52.0,0.0,inf,inf
quantile,"[('low_perimeter_mean',), ('low_area_mean',)]",2,0.0,0.1876750700280112,0.0,67.0,0.0,inf,inf
quantile,"[('low_perimeter_mean',), ('low_perimeter_worst',)]",2,0.0,0.1792717086834734,0.0,64.0,0.0,inf,inf
quantile,"[('low_perimeter_mean',), ('low_radius_mean',)]",2,0.0,0.10084033613445378,0.0,36.0,0.0,inf,inf
quantile,"[('low_perimeter_mean',), ('low_radius_worst',), ('low_area_mean',)]",3,0.0,0.09803921568627451,0.0,35.0,0.0,inf,inf
quantile,"[('low_perimeter_mean',), ('low_radius_worst',)]",2,0.0,0.17086834733893558,0.0,61.0,0.0,inf,inf
quantile,"[('low_perimeter_worst',), ('low_area_mean',)]",2,0.0,0.13445378151260504,0.0,48.0,0.0,inf,inf
quantile,"[('low_perimeter_worst',), ('low_radius_worst',)]",2,0.0,0.12324929971988796,0.0,44.0,0.0,inf,inf
quantile,"[('low_radius_mean',), ('low_area_mean',)]",2,0.0,0.19887955182072828,0.0,71.0,0.0,inf,inf
quantile,"[('low_radius_mean',), ('low_perimeter_mean',), ('low_area_mean',)]",3,0.0,0.13725490196078433,0.0,49.0,0.0,inf,inf
quantile,"[('low_radius_mean',), ('low_perimeter_mean',), ('low_perimeter_worst',)]",3,0.0,0.12044817927170869,0.0,43.0,0.0,inf,inf
quantile,"[('low_radius_mean',), ('low_perimeter_mean',), ('low_radius_worst',)]",3,0.0,0.12605042016806722,0.0,45.0,0.0,inf,inf
quantile,"[('low_radius_mean',), ('low_perimeter_mean',)]",2,0.0,0.19887955182072828,0.0,71.0,0.0,inf,inf
quantile,"[('low_radius_mean',), ('low_perimeter_worst',), ('low_area_mean',)]",3,0.0,0.10084033613445378,0.0,36.0,0.0,inf,inf
quantile,"[('low_radius_mean',), ('low_perimeter_worst',)]",2,0.0,0.18207282913165265,0.0,65.0,0.0,inf,inf
quantile,"[('low_radius_mean',), ('low_radius_worst',), ('low_area_mean',)]",3,0.0,0.10084033613445378,0.0,36.0,0.0,inf,inf
quantile,"[('low_radius_mean',), ('low_radius_worst',)]",2,0.0,0.17366946778711484,0.0,62.0,0.0,inf,inf
quantile,"[('low_radius_worst',), ('low_area_mean',)]",2,0.0,0.13725490196078433,0.0,49.0,0.0,inf,inf
quantile,"[('low_radius_worst',), ('low_area_worst',)]",2,0.0,0.09803921568627451,0.0,35.0,0.0,inf,inf
quantile,"[('low_radius_worst',), ('low_perimeter_worst',)]",2,0.0,0.12605042016806722,0.0,45.0,0.0,inf,inf
quantile,"[('low_smoothness_mean',), ('low_compactness_mean',)]",2,0.0,0.12324929971988796,0.0,44.0,0.0,inf,inf
quantile,"[('low_smoothness_mean',), ('low_concave points_worst',)]",2,0.0,0.10084033613445378,0.0,36.0,0.0,inf,inf
quantile,"[('low_smoothness_mean',), ('low_smoothness_worst',)]",2,0.0,0.10084033613445378,0.0,36.0,0.0,inf,inf
quantile,"[('low_smoothness_worst',), ('low_compactness_mean',)]",2,0.0,0.12605042016806722,0.0,45.0,0.0,inf,inf
quantile,"[('low_smoothness_worst',), ('low_compactness_worst',)]",2,0.0,0.10644257703081232,0.0,38.0,0.0,inf,inf
quantile,"[('low_smoothness_worst',), ('low_concave points_worst',)]",2,0.0,0.10084033613445378,0.0,36.0,0.0,inf,inf
quantile,"[('low_smoothness_worst',), ('low_smoothness_mean',)]",2,0.0,0.12605042016806722,0.0,45.0,0.0,inf,inf
quantile,"[('low_symmetry_mean',), ('low_symmetry_worst',)]",2,0.0,0.12605042016806722,0.0,45.0,0.0,inf,inf
quantile,"[('low_texture_mean',), ('low_texture_se',)]",2,0.0,0.11204481792717087,0.0,40.0,0.0,inf,inf
quantile,"[('low_texture_mean',), ('low_texture_worst',)]",2,0.0,0.10364145658263306,0.0,37.0,0.0,inf,inf
quantile,"[('low_texture_worst',), ('low_texture_mean',)]",2,0.0,0.16526610644257703,0.0,59.0,0.0,inf,inf
quantile,"[('low_texture_worst',), ('low_texture_se',)]",2,0.0,0.12885154061624648,0.0,46.0,0.0,inf,inf
kmeans,"[('high_compactness_mean',), ('high_concave points_worst',)]",2,0.09905660377358491,0.0,21.0,0.0,inf,0.0,inf
kmeans,"[('high_concave points_mean',), ('high_perimeter_mean',)]",2,0.09905660377358491,0.0,21.0,0.0,inf,0.0,inf
kmeans,"[('high_concave points_worst',), ('medium_concave points_mean',)]",2,0.1179245283018868,0.0,25.0,0.0,inf,0.0,inf
kmeans,"[('high_concavity_worst',), ('high_concave points_worst',)]",2,0.11320754716981132,0.0,24.0,0.0,inf,0.0,inf
kmeans,"[('high_perimeter_mean',), ('high_perimeter_worst',)]",2,0.16037735849056603,0.0,34.0,0.0,inf,0.0,inf
kmeans,"[('high_perimeter_mean',), ('high_radius_mean',)]",2,0.10849056603773585,0.0,23.0,0.0,inf,0.0,inf
kmeans,"[('high_perimeter_mean',), ('high_radius_worst',)]",2,0.12735849056603774,0.0,27.0,0.0,inf,0.0,inf
kmeans,"[('high_perimeter_mean',), ('medium_area_mean',)]",2,0.14150943396226415,0.0,30.0,0.0,inf,0.0,inf
kmeans,"[('high_perimeter_mean',), ('medium_area_worst',)]",2,0.10849056603773585,0.0,23.0,0.0,inf,0.0,inf
kmeans,"[('high_perimeter_worst',), ('high_concave points_worst',)]",2,0.1179245283018868,0.0,25.0,0.0,inf,0.0,inf
kmeans,"[('high_perimeter_worst',), ('high_perimeter_mean',)]",2,0.13679245283018868,0.0,29.0,0.0,inf,0.0,inf
kmeans,"[('high_perimeter_worst',), ('high_radius_mean',)]",2,0.1179245283018868,0.0,25.0,0.0,inf,0.0,inf
kmeans,"[('high_perimeter_worst',), ('high_radius_worst',)]",2,0.10377358490566038,0.0,22.0,0.0,inf,0.0,inf
kmeans,"[('high_perimeter_worst',), ('medium_area_se',)]",2,0.09905660377358491,0.0,21.0,0.0,inf,0.0,inf
kmeans,"[('high_radius_mean',), ('high_concave points_worst',)]",2,0.09905660377358491,0.0,21.0,0.0,inf,0.0,inf
kmeans,"[('high_radius_mean',), ('high_perimeter_mean',), ('high_perimeter_worst',)]",3,0.11320754716981132,0.0,24.0,0.0,inf,0.0,inf
kmeans,"[('high_radius_mean',), ('high_perimeter_mean',)]",2,0.2688679245283019,0.0,57.0,0.0,inf,0.0,inf
kmeans,"[('high_radius_mean',), ('high_perimeter_worst',)]",2,0.15566037735849056,0.0,33.0,0.0,inf,0.0,inf
kmeans,"[('high_radius_mean',), ('high_radius_worst',)]",2,0.15566037735849056,0.0,33.0,0.0,inf,0.0,inf
kmeans,"[('high_radius_mean',), ('medium_area_mean',)]",2,0.2169811320754717,0.0,46.0,0.0,inf,0.0,inf
kmeans,"[('high_radius_mean',), ('medium_area_worst',)]",2,0.12735849056603774,0.0,27.0,0.0,inf,0.0,inf
kmeans,"[('high_radius_worst',), ('high_concave points_worst',)]",2,0.11320754716981132,0.0,24.0,0.0,inf,0.0,inf
kmeans,"[('high_radius_worst',), ('high_perimeter_mean',)]",2,0.19339622641509435,0.0,41.0,0.0,inf,0.0,inf
kmeans,"[('high_radius_worst',), ('high_perimeter_worst',)]",2,0.20754716981132076,0.0,44.0,0.0,inf,0.0,inf
kmeans,"[('high_radius_worst',), ('high_radius_mean',), ('high_perimeter_mean',)]",3,0.09905660377358491,0.0,21.0,0.0,inf,0.0,inf
kmeans,"[('high_radius_worst',), ('high_radius_mean',)]",2,0.15566037735849056,0.0,33.0,0.0,inf,0.0,inf
kmeans,"[('high_radius_worst',), ('medium_area_mean',)]",2,0.12264150943396226,0.0,26.0,0.0,inf,0.0,inf
kmeans,"[('high_radius_worst',), ('medium_area_worst',)]",2,0.17452830188679244,0.0,37.0,0.0,inf,0.0,inf
kmeans,"[('low_compactness_mean',), ('low_compactness_se',)]",2,0.0,0.09803921568627451,0.0,35.0,0.0,inf,inf
kmeans,"[('low_compactness_mean',), ('low_compactness_worst',)]",2,0.0,0.13445378151260504,0.0,48.0,0.0,inf,inf
kmeans,"[('low_compactness_mean',), ('low_concavity_mean',)]",2,0.0,0.10644257703081232,0.0,38.0,0.0,inf,inf
kmeans,"[('low_compactness_mean',), ('low_concavity_worst',)]",2,0.0,0.10084033613445378,0.0,36.0,0.0,inf,inf
kmeans,"[('low_compactness_worst',), ('low_compactness_se',)]",2,0.0,0.10084033613445378,0.0,36.0,0.0,inf,inf
kmeans,"[('low_concave points_se',), ('low_compactness_mean',)]",2,0.0,0.10364145658263306,0.0,37.0,0.0,inf,inf
kmeans,"[('low_concave points_se',), ('low_concave points_mean',)]",2,0.0,0.13725490196078433,0.0,49.0,0.0,inf,inf
kmeans,"[('low_concave points_se',), ('low_concave points_worst',)]",2,0.0,0.11204481792717087,0.0,40.0,0.0,inf,inf
kmeans,"[('low_concave points_se',), ('low_concavity_mean',)]",2,0.0,0.10084033613445378,0.0,36.0,0.0,inf,inf
kmeans,"[('low_concave points_worst',), ('low_compactness_mean',)]",2,0.0,0.1092436974789916,0.0,39.0,0.0,inf,inf
kmeans,"[('low_concave points_worst',), ('low_compactness_worst',)]",2,0.0,0.1092436974789916,0.0,39.0,0.0,inf,inf
kmeans,"[('low_concave points_worst',), ('low_concave points_mean',)]",2,0.0,0.15406162464985995,0.0,55.0,0.0,inf,inf
kmeans,"[('low_concave points_worst',), ('low_concavity_worst',)]",2,0.0,0.14285714285714285,0.0,51.0,0.0,inf,inf
kmeans,"[('low_concave points_worst',), ('low_perimeter_worst',)]",2,0.0,0.1092436974789916,0.0,39.0,0.0,inf,inf
kmeans,"[('low_concavity_worst',), ('low_compactness_worst',)]",2,0.0,0.11764705882352941,0.0,42.0,0.0,inf,inf
kmeans,"[('low_concavity_worst',), ('low_concave points_mean',)]",2,0.0,0.09803921568627451,0.0,35.0,0.0,inf,inf
kmeans,"[('low_concavity_worst',), ('low_concavity_mean',)]",2,0.0,0.15966386554621848,0.0,57.0,0.0,inf,inf
kmeans,"[('low_perimeter_mean',), ('low_area_mean',)]",2,0.0,0.19047619047619047,0.0,68.0,0.0,inf,inf
kmeans,"[('low_perimeter_mean',), ('low_perimeter_worst',)]",2,0.0,0.1876750700280112,0.0,67.0,0.0,inf,inf
kmeans,"[('low_perimeter_mean',), ('low_radius_mean',)]",2,0.0,0.10644257703081232,0.0,38.0,0.0,inf,inf
kmeans,"[('low_perimeter_mean',), ('low_radius_worst',), ('low_area_mean',)]",3,0.0,0.09803921568627451,0.0,35.0,0.0,inf,inf
kmeans,"[('low_perimeter_mean',), ('low_radius_worst',)]",2,0.0,0.17366946778711484,0.0,62.0,0.0,inf,inf
kmeans,"[('low_perimeter_worst',), ('low_area_mean',)]",2,0.0,0.13725490196078433,0.0,49.0,0.0,inf,inf
kmeans,"[('low_perimeter_worst',), ('low_radius_worst',)]",2,0.0,0.12605042016806722,0.0,45.0,0.0,inf,inf
kmeans,"[('low_radius_mean',), ('low_area_mean',)]",2,0.0,0.19887955182072828,0.0,71.0,0.0,inf,inf
kmeans,"[('low_radius_mean',), ('low_perimeter_mean',), ('low_area_mean',)]",3,0.0,0.13725490196078433,0.0,49.0,0.0,inf,inf
kmeans,"[('low_radius_mean',), ('low_perimeter_mean',), ('low_perimeter_worst',)]",3,0.0,0.12605042016806722,0.0,45.0,0.0,inf,inf
kmeans,"[('low_radius_mean',), ('low_perimeter_mean',), ('low_radius_worst',)]",3,0.0,0.12885154061624648,0.0,46.0,0.0,inf,inf
kmeans,"[('low_radius_mean',), ('low_perimeter_mean',)]",2,0.0,0.20168067226890757,0.0,72.0,0.0,inf,inf
kmeans,"[('low_radius_mean',), ('low_perimeter_worst',), ('low_area_mean',)]",3,0.0,0.10084033613445378,0.0,36.0,0.0,inf,inf
kmeans,"[('low_radius_mean',), ('low_perimeter_worst',)]",2,0.0,0.19047619047619047,0.0,68.0,0.0,inf,inf
kmeans,"[('low_radius_mean',), ('low_radius_worst',), ('low_area_mean',)]",3,0.0,0.10084033613445378,0.0,36.0,0.0,inf,inf
kmeans,"[('low_radius_mean',), ('low_radius_worst',)]",2,0.0,0.17647058823529413,0.0,63.0,0.0,inf,inf
kmeans,"[('low_radius_worst',), ('low_area_mean',)]",2,0.0,0.1400560224089636,0.0,50.0,0.0,inf,inf
kmeans,"[('low_radius_worst',), ('low_area_worst',)]",2,0.0,0.10084033613445378,0.0,36.0,0.0,inf,inf
kmeans,"[('low_radius_worst',), ('low_perimeter_worst',)]",2,0.0,0.12885154061624648,0.0,46.0,0.0,inf,inf
kmeans,"[('low_smoothness_mean',), ('low_compactness_mean',)]",2,0.0,0.12885154061624648,0.0,46.0,0.0,inf,inf
kmeans,"[('low_smoothness_mean',), ('low_concave points_mean',)]",2,0.0,0.1092436974789916,0.0,39.0,0.0,inf,inf
kmeans,"[('low_smoothness_mean',), ('low_concave points_worst',)]",2,0.0,0.10644257703081232,0.0,38.0,0.0,inf,inf
kmeans,"[('low_smoothness_mean',), ('low_fractal_dimension_mean',)]",2,0.0,0.09803921568627451,0.0,35.0,0.0,inf,inf
kmeans,"[('low_smoothness_mean',), ('low_smoothness_worst',)]",2,0.0,0.10084033613445378,0.0,36.0,0.0,inf,inf
kmeans,"[('low_smoothness_worst',), ('low_compactness_mean',)]",2,0.0,0.12885154061624648,0.0,46.0,0.0,inf,inf
kmeans,"[('low_smoothness_worst',), ('low_compactness_worst',)]",2,0.0,0.10644257703081232,0.0,38.0,0.0,inf,inf
kmeans,"[('low_smoothness_worst',), ('low_concave points_worst',)]",2,0.0,0.10644257703081232,0.0,38.0,0.0,inf,inf
kmeans,"[('low_smoothness_worst',), ('low_smoothness_mean',)]",2,0.0,0.13165266106442577,0.0,47.0,0.0,inf,inf
kmeans,"[('low_symmetry_mean',), ('low_symmetry_worst',)]",2,0.0,0.12605042016806722,0.0,45.0,0.0,inf,inf
kmeans,"[('low_texture_mean',), ('low_texture_se',)]",2,0.0,0.11204481792717087,0.0,40.0,0.0,inf,inf
kmeans,"[('low_texture_mean',), ('low_texture_worst',)]",2,0.0,0.10364145658263306,0.0,37.0,0.0,inf,inf
kmeans,"[('low_texture_se',), ('low_radius_se',)]",2,0.0,0.1092436974789916,0.0,39.0,0.0,inf,inf
kmeans,"[('low_texture_worst',), ('low_texture_mean',)]",2,0.0,0.16526610644257703,0.0,59.0,0.0,inf,inf
kmeans,"[('low_texture_worst',), ('low_texture_se',)]",2,0.0,0.12885154061624648,0.0,46.0,0.0,inf,inf
kmeans,"[('medium_area_mean',), ('high_perimeter_mean',)]",2,0.15566037735849056,0.0,33.0,0.0,inf,0.0,inf
kmeans,"[('medium_area_mean',), ('high_perimeter_worst',)]",2,0.12735849056603774,0.0,27.0,0.0,inf,0.0,inf
kmeans,"[('medium_area_mean',), ('high_radius_mean',)]",2,0.10377358490566038,0.0,22.0,0.0,inf,0.0,inf
kmeans,"[('medium_area_mean',), ('high_radius_worst',)]",2,0.1179245283018868,0.0,25.0,0.0,inf,0.0,inf
kmeans,"[('medium_area_mean',), ('medium_area_worst',)]",2,0.12264150943396226,0.0,26.0,0.0,inf,0.0,inf
kmeans,"[('medium_area_worst',), ('high_perimeter_mean',)]",2,0.10377358490566038,0.0,22.0,0.0,inf,0.0,inf
kmeans,"[('medium_area_worst',), ('high_perimeter_worst',)]",2,0.1179245283018868,0.0,25.0,0.0,inf,0.0,inf
kmeans,"[('medium_perimeter_se',), ('medium_area_se',)]",2,0.10377358490566038,0.0,22.0,0.0,inf,0.0,inf
kmeans,"[('medium_radius_se',), ('medium_area_se',)]",2,0.16037735849056603,0.0,34.0,0.0,inf,0.0,inf
kmeans,"[('medium_radius_se',), ('medium_perimeter_se',)]",2,0.12735849056603774,0.0,27.0,0.0,inf,0.0,inf
